Data,Kliknięcia
"niedz., 14 gru 2025",0
"pon., 15 gru 2025",0
"wt., 16 gru 2025",0
"śr., 17 gru 2025",0
"czw., 18 gru 2025",0
"pt., 19 gru 2025",0
"sob., 20 gru 2025",0
"niedz., 21 gru 2025",0
"pon., 22 gru 2025",0
"wt., 23 gru 2025",0
"śr., 24 gru 2025",0
"czw., 25 gru 2025",0
"pt., 26 gru 2025",0
"sob., 27 gru 2025",0
"niedz., 28 gru 2025",0
"pon., 29 gru 2025",0
"wt., 30 gru 2025",0
"śr., 31 gru 2025",0
"czw., 1 sty 2026",0
"pt., 2 sty 2026",0
"sob., 3 sty 2026",0
"niedz., 4 sty 2026",0
"pon., 5 sty 2026",0
"wt., 6 sty 2026",0
"śr., 7 sty 2026",0
"czw., 8 sty 2026",0
"pt., 9 sty 2026",0
"sob., 10 sty 2026",0
"niedz., 11 sty 2026",0
"pon., 12 sty 2026",8
"wt., 13 sty 2026",18
"śr., 14 sty 2026",11
"czw., 15 sty 2026",11
"pt., 16 sty 2026",11
"sob., 17 sty 2026",13
"niedz., 18 sty 2026",12
"pon., 19 sty 2026",20
"wt., 20 sty 2026",8
"śr., 21 sty 2026",11
"czw., 22 sty 2026",10
"pt., 23 sty 2026",3
"sob., 24 sty 2026",4
"niedz., 25 sty 2026",2
"pon., 26 sty 2026",0
"wt., 27 sty 2026",0
"śr., 28 sty 2026",0
"czw., 29 sty 2026",0
"pt., 30 sty 2026",0
"sob., 31 sty 2026",0
"niedz., 1 lut 2026",0
"pon., 2 lut 2026",0
"wt., 3 lut 2026",0
